id,stationName,availableDocks,totalDocks,latitude,longitude,statusValue,availableBikes,stAddress1,city,postalCode,location
72,W 52 St & 11 Ave,34,39,40.76727216,-73.99392888,In Service,5,W 52 St & 11 Ave,,,
79,Franklin St & W Broadway,3,33,40.71911552,-74.00666661,In Service,30,Franklin St & W Broadway,,,
82,St James Pl & Pearl St,19,26,40.71117416,-74.00016545,In Service,7,St James Pl & Pearl St,,,
83,Atlantic Ave & Fort Greene Pl,49,62,40.68382604,-73.97632328,In Service,13,Atlantic Ave & Fort Greene Pl,,,
116,W 17 St & 8 Ave,8,39,40.74177603,-74.00149746,In Service,31,W 17 St & 8 Ave,,,
119,Park Ave & St Edwards St,12,19,40.69608941,-73.97803415,In Service,7,Park Ave & St Edwards St,,,
120,Lexington Ave & Classon Ave,16,19,40.68676793,-73.95928168,In Service,3,Lexington Ave & Classon Ave,,,
127,Barrow St & Hudson St,18,31,40.73172428,-74.00674436,In Service,13,Barrow St & Hudson St,,,
128,MacDougal St & Prince St,8,30,40.72710258,-74.00297088,In Service,22,MacDougal St & Prince St,,,
137,E 56 St & Madison Ave,26,46,40.761628,-73.972924,In Service,20,E 56 St & Madison Ave,,,
143,Clinton St & Joralemon St,23,24,40.69239502,-73.99337909,In Service,1,Clinton St & Joralemon St,,,
144,Nassau St & Navy St,9,19,40.69839895,-73.98068914,In Service,10,Nassau St & Navy St,,,
146,Hudson St & Reade St,24,39,40.71625008,-74.0091059,In Service,15,Hudson St & Reade St,,,
147,Greenwich St & Warren St,7,33,40.71542197,-74.01121978,In Service,26,Greenwich St & Warren St,,,
150,E 2 St & Avenue C,31,31,40.7208736,-73.98085795,In Service,0,E 2 St & Avenue C,,,
151,Cleveland Pl & Spring St,11,33,40.7218158,-73.99720307,In Service,22,Cleveland Pl & Spring St,,,
152,Warren St & Church St,9,29,40.71473993,-74.00910627,In Service,20,Warren St & Church St,,,
153,E 40 St & 5 Ave,18,55,40.752062307,-73.9816324043,In Service,37,E 40 St & 5 Ave,,,
157,Henry St & Atlantic Ave,11,23,40.69089272,-73.99612349,In Service,12,Henry St & Atlantic Ave,,,
160,E 37 St & Lexington Ave,20,26,40.748238,-73.978311,In Service,6,E 37 St & Lexington Ave,,,
161,LaGuardia Pl & W 3 St,7,35,40.72917025,-73.99810231,In Service,28,LaGuardia Pl & W 3 St,,,
164,E 47 St & 2 Ave,46,47,40.75323098,-73.97032517,In Service,1,E 47 St & 2 Ave,,,
167,E 39 St & 3 Ave,43,45,40.7489006,-73.97604882,In Service,2,E 39 St & 3 Ave,,,
168,W 18 St & 6 Ave,8,47,40.73971301,-73.99456405,In Service,39,W 18 St & 6 Ave,,,
173,Broadway & W 49 St,10,51,40.76064679,-73.98442659,In Service,41,Broadway & W 49 St,,,
174,E 25 St & 1 Ave,30,30,40.7381765,-73.97738662,In Service,0,E 25 St & 1 Ave,,,
195,Liberty St & Broadway,35,45,40.70905623,-74.01043382,In Service,10,Liberty St & Broadway,,,
212,W 16 St & The High Line,6,28,40.74334935,-74.00681753,In Service,22,W 16 St & The High Line,,,
216,Columbia Heights & Cranberry St,22,23,40.70037867,-73.99548059,In Service,1,Columbia Heights & Cranberry St,,,
217,Old Fulton St,19,39,40.70277159,-73.99383605,In Service,20,Old Fulton St,,,
218,Gallatin Pl & Livingston St,36,38,40.69028437,-73.98707105,In Service,2,Gallatin Pl & Livingston St,,,
223,W 13 St & 7 Ave,16,33,40.73781509,-73.99994661,In Service,17,W 13 St & 7 Ave,,,
224,Spruce St & Nassau St,30,31,40.71146364,-74.00552427,In Service,1,Spruce St & Nassau St,,,
225,W 14 St & The High Line,5,37,40.74195138,-74.00803013,In Service,32,W 14 St & The High Line,,,
228,E 48 St & 3 Ave,41,55,40.7546011026,-73.971878855,In Service,14,E 48 St & 3 Ave,,,
229,Great Jones St,12,27,40.72743423,-73.99379025,In Service,15,Great Jones St,,,
232,Cadman Plaza E & Tillary St,19,23,40.69597683,-73.99014892,In Service,4,Cadman Plaza E & Tillary St,,,
233,Joralemon St & Adams St,38,39,40.69246277,-73.98963911,In Service,1,Joralemon St & Adams St,,,
236,St Marks Pl & 2 Ave,30,39,40.7284186,-73.98713956,In Service,9,St Marks Pl & 2 Ave,,,
237,E 11 St & 2 Ave,20,39,40.73047309,-73.98672378,In Service,19,E 11 St & 2 Ave,,,
238,Bank St & Washington St,27,31,40.7361967,-74.00859207,In Service,4,Bank St & Washington St,,,
239,Willoughby St & Fleet St,27,31,40.69196566,-73.9813018,In Service,4,Willoughby St & Fleet St,,,
241,DeKalb Ave & S Portland Ave,23,23,40.68981035,-73.97493121,In Service,0,DeKalb Ave & S Portland Ave,,,
242,Flushing Ave & Carlton Ave,12,23,40.69788349,-73.97350332,In Service,11,Flushing Ave & Carlton Ave,,,
243,Fulton St & Rockwell Pl,31,39,40.688265,-73.979244,In Service,8,Fulton St & Rockwell Pl,,,
244,Willoughby Ave & Hall St,23,31,40.69196035,-73.96536851,In Service,8,Willoughby Ave & Hall St,,,
245,Myrtle Ave & St Edwards St,20,23,40.69327018,-73.97703874,In Service,3,Myrtle Ave & St Edwards St,,,
247,Perry St & Bleecker St,4,20,40.73535398,-74.00483091,In Service,16,Perry St & Bleecker St,,,
248,Laight St & Hudson St,21,23,40.72185379,-74.00771779,In Service,2,Laight St & Hudson St,,,
249,Harrison St & Hudson St,13,27,40.71870987,-74.0090009,In Service,14,Harrison St & Hudson St,,,
250,Lafayette St & Jersey St,9,40,40.72456089,-73.99565293,In Service,31,Lafayette St & Jersey St,,,
251,Mott St & Prince St,7,27,40.72317958,-73.99480012,In Service,20,Mott St & Prince St,,,
252,MacDougal St & Washington Sq,10,33,40.73226398,-73.99852205,In Service,23,MacDougal St & Washington Sq,,,
253,W 13 St & 5 Ave,30,47,40.73543934,-73.99453948,In Service,17,W 13 St & 5 Ave,,,
254,W 11 St & 6 Ave,11,31,40.73532427,-73.99800419,In Service,20,W 11 St & 6 Ave,,,
257,Lispenard St & Broadway,26,39,40.71939226,-74.00247214,In Service,13,Lispenard St & Broadway,,,
258,DeKalb Ave & Vanderbilt Ave,21,23,40.68940747,-73.96885458,In Service,2,DeKalb Ave & Vanderbilt Ave,,,
259,South St & Whitehall St,31,39,40.70122128,-74.01234218,In Service,8,South St & Whitehall St,,,
260,Broad St & Bridge St,34,35,40.70365182,-74.01167797,In Service,1,Broad St & Bridge St,,,
261,Johnson St & Gold St,22,27,40.69474881,-73.98362464,In Service,5,Johnson St & Gold St,,,
262,Washington Park,24,24,40.69178232,-73.97372989,In Service,0,Washington Park,,,
263,Elizabeth St & Hester St,10,31,40.71729,-73.996375,In Service,21,Elizabeth St & Hester St,,,
264,Maiden Ln & Pearl St,22,27,40.70706456,-74.00731853,In Service,5,Maiden Ln & Pearl St,,,
265,Stanton St & Chrystie St,2,35,40.72229346,-73.99147535,In Service,33,Stanton St & Chrystie St,,,
266,Avenue D & E 8 St,20,24,40.72368361,-73.97574813,In Service,4,Avenue D & E 8 St,,,
267,Broadway & W 36 St,46,57,40.75097711,-73.98765428,In Service,11,Broadway & W 36 St,,,
268,Howard St & Centre St,6,27,40.71910537,-73.99973337,In Service,21,Howard St & Centre St,,,
270,Adelphi St & Myrtle Ave,14,23,40.69308257,-73.97178913,In Service,9,Adelphi St & Myrtle Ave,,,
271,Ashland Pl & Hanson Pl,5,39,40.68528172,-73.97805813,In Service,34,Ashland Pl & Hanson Pl,,,
274,Lafayette Ave & Fort Greene Pl,28,31,40.68691865,-73.976682,In Service,3,Lafayette Ave & Fort Greene Pl,,,
275,Washington Ave & Greene Ave,14,15,40.68650065,-73.96563307,In Service,1,Washington Ave & Greene Ave,,,
276,Duane St & Greenwich St,17,25,40.71748752,-74.0104554,In Service,8,Duane St & Greenwich St,,,
278,Concord St & Bridge St,11,19,40.69766564,-73.98476437,In Service,8,Concord St & Bridge St,,,
279,Sands St & Gold St,17,19,40.69986937,-73.98271933,In Service,2,Sands St & Gold St,,,
280,E 10 St & 5 Ave,29,31,40.73331967,-73.99510132,In Service,2,E 10 St & 5 Ave,,,
281,Grand Army Plaza & Central Park S,15,59,40.7643971,-73.97371465,In Service,44,Grand Army Plaza & Central Park S,,,
282,Kent Ave & S 11 St,21,27,40.70827295,-73.96834101,In Service,6,Kent Ave & S 11 St,,,
284,Greenwich Ave & 8 Ave,31,43,40.7390169121,-74.0026376103,In Service,12,Greenwich Ave & 8 Ave,,,
285,Broadway & E 14 St,5,47,40.73454567,-73.99074142,In Service,42,Broadway & E 14 St,,,
289,Monroe St & Classon Ave,12,19,40.6845683,-73.95881081,In Service,7,Monroe St & Classon Ave,,,
290,2 Ave & E 58 St,27,29,40.76020258,-73.96478473,In Service,2,2 Ave & E 58 St,,,
291,Madison St & Montgomery St,15,20,40.713126,-73.984844,In Service,5,Madison St & Montgomery St,,,
293,Lafayette St & E 8 St,2,55,40.73028666,-73.9907647,In Service,53,Lafayette St & E 8 St,,,
294,Washington Square E,3,31,40.73049393,-73.9957214,In Service,28,Washington Square E,,,
295,Pike St & E Broadway,13,24,40.71406667,-73.99293911,In Service,11,Pike St & E Broadway,,,
296,Division St & Bowery,5,35,40.71413089,-73.9970468,In Service,30,Division St & Bowery,,,
297,E 15 St & 3 Ave,15,27,40.734232,-73.986923,In Service,12,E 15 St & 3 Ave,,,
298,3 Ave & Flatbush Ave,24,35,40.68683208,-73.9796772,In Service,11,3 Ave & Flatbush Ave,,,
300,Shevchenko Pl & E 6 St,17,55,40.728145,-73.990214,In Service,38,Shevchenko Pl & E 6 St,,,
301,E 2 St & Avenue B,36,37,40.72217444,-73.98368779,In Service,1,E 2 St & Avenue B,,,
302,Avenue D & E 3 St,23,23,40.72082834,-73.97793172,In Service,0,Avenue D & E 3 St,,,
303,Mercer St & Spring St,2,31,40.72362738,-73.99949601,In Service,29,Mercer St & Spring St,,,
304,Broadway & Battery Pl,22,36,40.70463334,-74.01361706,In Service,14,Broadway & Battery Pl,,,
305,E 58 St & 3 Ave,20,33,40.76095756,-73.96724467,In Service,13,E 58 St & 3 Ave,,,
306,Cliff St & Fulton St,27,37,40.70823502,-74.00530063,In Service,10,Cliff St & Fulton St,,,
307,Canal St & Rutgers St,27,31,40.71427487,-73.98990025,In Service,4,Canal St & Rutgers St,,,
308,St James Pl & Oliver St,5,27,40.71307916,-73.99851193,In Service,22,St James Pl & Oliver St,,,
309,Murray St & West St,16,41,40.7149787,-74.013012,In Service,25,Murray St & West St,,,
310,State St & Smith St,7,35,40.68926942,-73.98912867,In Service,28,State St & Smith St,,,
311,Norfolk St & Broome St,24,30,40.7172274,-73.98802084,In Service,6,Norfolk St & Broome St,,,
312,Allen St & E Houston St,24,31,40.722055,-73.989111,In Service,7,Allen St & E Houston St,,,
313,Washington Ave & Park Ave,17,23,40.69610226,-73.96751037,In Service,6,Washington Ave & Park Ave,,,
314,Montague St & Clinton St,39,39,40.69424674,-73.99215922,In Service,0,Montague St & Clinton St,,,
315,South St & Gouverneur Ln,8,29,40.70355377,-74.00670227,In Service,21,South St & Gouverneur Ln,,,
316,Fulton St & William St,40,43,40.70955958,-74.00653609,In Service,3,Fulton St & William St,,,
317,E 6 St & Avenue B,25,27,40.72453734,-73.98185424,In Service,2,E 6 St & Avenue B,,,
318,E 43 St & Vanderbilt Ave,14,31,40.75320159,-73.9779874,In Service,17,E 43 St & Vanderbilt Ave,,,
319,Park Pl & Church St,17,35,40.71336124,-74.00937622,In Service,18,Park Pl & Church St,,,
320,Church St & Leonard St,19,39,40.71743998,-74.00583475,In Service,20,Church St & Leonard St,,,
321,Cadman Plaza E & Red Cross Pl,24,27,40.69991755,-73.98971773,In Service,3,Cadman Plaza E & Red Cross Pl,,,
322,Clinton St & Tillary St,30,31,40.696192,-73.991218,In Service,1,Clinton St & Tillary St,,,
323,Lawrence St & Willoughby St,35,39,40.69236178,-73.98631746,In Service,4,Lawrence St & Willoughby St,,,
324,DeKalb Ave & Hudson Ave,11,51,40.689888,-73.981013,In Service,40,DeKalb Ave & Hudson Ave,,,
325,E 19 St & 3 Ave,20,35,40.73624527,-73.98473765,In Service,15,E 19 St & 3 Ave,,,
326,E 11 St & 1 Ave,21,27,40.72953837,-73.98426726,In Service,6,E 11 St & 1 Ave,,,
327,Vesey Pl & River Terrace,37,39,40.7153379,-74.01658354,In Service,2,Vesey Pl & River Terrace,,,
328,Watts St & Greenwich St,20,23,40.72405549,-74.00965965,In Service,3,Watts St & Greenwich St,,,
329,Greenwich St & N Moore St,18,31,40.72043411,-74.01020609,In Service,13,Greenwich St & N Moore St,,,
330,Reade St & Broadway,32,39,40.71450451,-74.00562789,In Service,7,Reade St & Broadway,,,
331,Pike St & Monroe St,17,27,40.71173107,-73.99193043,In Service,10,Pike St & Monroe St,,,
332,Cherry St,12,24,40.71219906,-73.97948148,In Service,12,Cherry St,,,
334,W 20 St & 7 Ave,4,31,40.74238787,-73.99726235,In Service,27,W 20 St & 7 Ave,,,
335,Washington Pl & Broadway,1,27,40.72903917,-73.99404649,In Service,26,Washington Pl & Broadway,,,
336,Sullivan St & Washington Sq,9,36,40.73047747,-73.99906065,In Service,27,Sullivan St & Washington Sq,,,
337,Old Slip & Front St,30,37,40.7037992,-74.00838676,In Service,7,Old Slip & Front St,,,
339,Avenue D & E 12 St,22,24,40.72580614,-73.97422494,In Service,2,Avenue D & E 12 St,,,
340,Madison St & Clinton St,16,27,40.71269042,-73.98776323,In Service,11,Madison St & Clinton St,,,
341,Stanton St & Mangin St,8,18,40.71782143,-73.97628939,In Service,10,Stanton St & Mangin St,,,
342,Columbia St & Rivington St,25,29,40.71739973,-73.98016555,In Service,4,Columbia St & Rivington St,,,
343,Clinton Ave & Flushing Ave,5,23,40.69794,-73.96986848,In Service,18,Clinton Ave & Flushing Ave,,,
344,Monroe St & Bedford Ave,16,23,40.6851443,-73.95380904,In Service,7,Monroe St & Bedford Ave,,,
345,W 13 St & 6 Ave,10,35,40.73649403,-73.99704374,In Service,25,W 13 St & 6 Ave,,,
346,Bank St & Hudson St,16,27,40.73652889,-74.00618026,In Service,11,Bank St & Hudson St,,,
347,W Houston St & Hudson St,7,35,40.72873888,-74.00748842,In Service,28,W Houston St & Hudson St,,,
348,W Broadway & Spring St,3,42,40.72490985,-74.00154702,In Service,39,W Broadway & Spring St,,,
349,Rivington St & Ridge St,21,23,40.71850211,-73.98329859,In Service,2,Rivington St & Ridge St,,,
350,Clinton St & Grand St,27,28,40.71559509,-73.9870295,In Service,1,Clinton St & Grand St,,,
351,Front St & Maiden Ln,33,39,40.70530954,-74.00612572,In Service,6,Front St & Maiden Ln,,,
352,W 56 St & 6 Ave,24,36,40.76340613,-73.97722479,In Service,12,W 56 St & 6 Ave,,,
353,S Portland Ave & Hanson Pl,27,27,40.68539567,-73.97431458,In Service,0,S Portland Ave & Hanson Pl,,,
354,Emerson Pl & Myrtle Ave,14,31,40.69363137,-73.96223558,In Service,17,Emerson Pl & Myrtle Ave,,,
355,Bayard St & Baxter St,8,43,40.71602118,-73.99974372,In Service,35,Bayard St & Baxter St,,,
356,Bialystoker Pl & Delancey St,23,23,40.71622644,-73.98261206,In Service,0,Bialystoker Pl & Delancey St,,,
357,E 11 St & Broadway,6,27,40.73261787,-73.99158043,In Service,21,E 11 St & Broadway,,,
358,Christopher St & Greenwich St,34,36,40.73291553,-74.00711384,In Service,2,Christopher St & Greenwich St,,,
359,E 47 St & Park Av,24,55,40.75510267,-73.97498696,In Service,31,E 47 St & Park Ave,,,
360,William St & Pine St,37,39,40.70717936,-74.00887308,In Service,2,William St & Pine St,,,
361,Allen St & Hester St,37,43,40.71605866,-73.99190759,In Service,6,Allen St & Hester St,,,
362,Broadway & W 37 St,51,57,40.75172632,-73.98753523,In Service,6,Broadway & W 37 St,,,
363,West Thames St,48,49,40.70834698,-74.01713445,In Service,1,West Thames St,,,
364,Lafayette Ave & Classon Ave,27,27,40.68900443,-73.96023854,In Service,0,Lafayette Ave & Classon Ave,,,
365,Fulton St & Grand Ave,29,31,40.68223166,-73.9614583,In Service,2,Fulton St & Grand Ave,,,
366,Clinton Ave & Myrtle Ave,22,33,40.693261,-73.968896,In Service,11,Clinton Ave & Myrtle Ave,,,
367,E 53 St & Lexington Ave,24,33,40.75828065,-73.97069431,In Service,9,E 53 St & Lexington Ave,,,
368,Carmine St & 6 Ave,11,39,40.73038599,-74.00214988,In Service,28,Carmine St & 6 Ave,,,
369,Washington Pl & 6 Ave,13,35,40.73224119,-74.00026394,In Service,22,Washington Pl & 6 Ave,,,
372,Franklin Ave & Myrtle Ave,24,27,40.694528,-73.958089,In Service,3,Franklin Ave & Myrtle Ave,,,
373,Willoughby Ave & Walworth St,14,19,40.69331716,-73.95381995,In Service,5,Willoughby Ave & Walworth St,,,
375,Mercer St & Bleecker St,2,30,40.72679454,-73.99695094,In Service,28,Mercer St & Bleecker St,,,
376,John St & William St,37,43,40.70862144,-74.00722156,In Service,6,John St & William St,,,
377,6 Ave & Canal St,24,47,40.72243797,-74.00566443,In Service,23,6 Ave & Canal St,,,
379,W 31 St & 7 Ave,11,42,40.749156,-73.9916,In Service,31,W 31 St & 7 Ave,,,
380,W 4 St & 7 Ave S,24,39,40.73401143,-74.00293877,In Service,15,W 4 St & 7 Ave S,,,
382,University Pl & E 14 St,5,36,40.73492695,-73.99200509,In Service,31,University Pl & E 14 St,,,
383,Greenwich Ave & Charles St,10,39,40.735238,-74.000271,In Service,29,Greenwich Ave & Charles St,,,
384,Fulton St & Waverly Ave,12,31,40.68317813,-73.9659641,In Service,19,Fulton St & Waverly Ave,,,
385,E 55 St & 2 Ave,28,29,40.75797322,-73.96603308,In Service,1,E 55 St & 2 Ave,,,
386,Centre St & Worth St,32,43,40.71494807,-74.00234482,In Service,11,Centre St & Worth St,,,
387,Centre St & Chambers St,24,39,40.71273266,-74.0046073,In Service,15,Centre St & Chambers St,,,
388,W 26 St & 10 Ave,28,35,40.749717753,-74.002950346,In Service,7,W 26 St & 10 Ave,,,
389,Broadway & Berry St,23,27,40.71044554,-73.96525063,In Service,4,Broadway & Berry St,,,
390,Duffield St & Willoughby St,27,31,40.69221589,-73.9842844,In Service,4,Duffield St & Willoughby St,,,
391,Clark St & Henry St,31,31,40.69760127,-73.99344559,In Service,0,Clark St & Henry St,,,
392,Jay St & Tech Pl,27,32,40.695065,-73.987167,In Service,5,Jay St & Tech Pl,,,
393,E 5 St & Avenue C,27,31,40.72299208,-73.97995466,In Service,4,E 5 St & Avenue C,,,
394,E 9 St & Avenue C,30,32,40.72521311,-73.97768752,In Service,2,E 9 St & Avenue C,,,
395,Bond St & Schermerhorn St,28,30,40.68807003,-73.98410637,In Service,2,Bond St & Schermerhorn St,,,
396,Lefferts Pl & Franklin Ave,23,25,40.680342423,-73.9557689392,In Service,2,Lefferts Pl & Franklin Ave,,,Bedford-Stuyvesant
397,Fulton St & Clermont Ave,25,27,40.68415748,-73.96922273,In Service,2,Fulton St & Clermont Ave,,,
398,Atlantic Ave & Furman St,20,31,40.69165183,-73.9999786,In Service,11,Atlantic Ave & Furman St,,,
399,Lafayette Ave & St James Pl,26,27,40.68851534,-73.9647628,In Service,1,Lafayette Ave & St James Pl,,,
400,Pitt St & Stanton St,12,15,40.71926081,-73.98178024,In Service,3,Pitt St & Stanton St,,,
401,Allen St & Rivington St,40,42,40.72019576,-73.98997825,In Service,2,Allen St & Rivington St,,,
402,Broadway & E 22 St,9,42,40.7403432,-73.98955109,In Service,33,Broadway & E 22 St,,,
403,E 2 St & 2 Ave,4,31,40.72502876,-73.99069656,In Service,27,E 2 St & 2 Ave,,,
404,9 Ave & W 14 St,9,39,40.7405826,-74.00550867,In Service,30,9 Ave & W 14 St,,,
405,Washington St & Gansevoort St,23,40,40.739323,-74.008119,In Service,17,Washington St & Gansevoort St,,,
406,Hicks St & Montague St,32,34,40.69512845,-73.99595065,In Service,2,Hicks St & Montague St,,,
407,Henry St & Poplar St,43,43,40.700469,-73.991454,In Service,0,Henry St & Poplar St,,,
408,Market St & Cherry St,9,23,40.71076228,-73.99400398,In Service,14,Market St & Cherry St,,,
409,DeKalb Ave & Skillman St,8,19,40.6906495,-73.95643107,In Service,11,DeKalb Ave & Skillman St,,,
410,Suffolk St & Stanton St,29,35,40.72066442,-73.98517977,In Service,6,Suffolk St & Stanton St,,,
411,E 6 St & Avenue D,17,23,40.72228087,-73.97668709,In Service,6,E 6 St & Avenue D,,,
412,Forsyth St & Canal St,21,29,40.7158155,-73.99422366,In Service,8,Forsyth St & Canal St,,,
414,Pearl St & Anchorage Pl,12,24,40.70281858,-73.98765762,In Service,12,Pearl St & Anchorage Pl,,,
415,Pearl St & Hanover Square,31,42,40.7047177,-74.00926027,In Service,11,Pearl St & Hanover Square,,,
416,Cumberland St & Lafayette Ave,31,31,40.68753406,-73.97265183,In Service,0,Cumberland St & Lafayette Ave,,,
417,Barclay St & Church St,9,47,40.71291224,-74.01020234,In Service,38,Barclay St & Church St,,,
418,Front St & Gold St,20,23,40.70224,-73.982578,In Service,3,Front St & Gold St,,,
419,Carlton Ave & Park Ave,21,23,40.69580705,-73.97355569,In Service,2,Carlton Ave & Park Ave,,,
420,Clermont Ave & Lafayette Ave,23,23,40.68764484,-73.96968902,In Service,0,Clermont Ave & Lafayette Ave,,,
421,Clermont Ave & Park Ave,19,19,40.69573398,-73.97129668,In Service,0,Clermont Ave & Park Ave,,,
422,W 59 St & 10 Ave,22,50,40.770513,-73.988038,In Service,28,W 59 St & 10 Ave,,,
423,W 54 St & 9 Ave,38,39,40.76584941,-73.98690506,In Service,1,W 54 St & 9 Ave,,,
426,West St & Chambers St,16,31,40.71754834,-74.01322069,In Service,15,West St & Chambers St,,,
427,State St,36,59,40.70251526,-74.01427023,In Service,23,State St,,,
428,E 3 St & 1 Ave,27,31,40.72467721,-73.98783413,In Service,4,E 3 St & 1 Ave,,,
430,York St & Jay St,27,27,40.7014851,-73.98656928,In Service,0,York St & Jay St,,,
431,Hanover Pl & Livingston St,29,30,40.68864636,-73.98263429,In Service,1,Hanover Pl & Livingston St,,,
432,E 7 St & Avenue A,28,31,40.72621788,-73.98379855,In Service,3,E 7 St & Avenue A,,,
433,E 13 St & Avenue A,2,39,40.72955361,-73.98057249,In Service,37,E 13 St & Avenue A,,,
434,9 Ave & W 18 St,9,27,40.74317449,-74.00366443,In Service,18,9 Ave & W 18 St,,,
435,W 21 St & 6 Ave,1,47,40.74173969,-73.99415556,In Service,46,W 21 St & 6 Ave,,,
436,Hancock St & Bedford Ave,27,27,40.68216564,-73.95399026,In Service,0,Hancock St & Bedford Ave,,,
437,Macon St & Nostrand Ave,25,27,40.6809833854,-73.9500479759,In Service,2,Macon St & Nostrand Ave,,,
438,St Marks Pl & 1 Ave,27,27,40.72779126,-73.98564945,In Service,0,St Marks Pl & 1 Ave,,,
439,E 4 St & 2 Ave,7,39,40.7262807,-73.98978041,In Service,32,E 4 St & 2 Ave,,,
440,E 45 St & 3 Ave,28,32,40.75255434,-73.97282625,In Service,4,E 45 St & 3 Ave,,,
441,E 52 St & 2 Ave,33,35,40.756014,-73.967416,In Service,2,E 52 St & 2 Ave,,,
442,W 27 St & 7 Ave,33,51,40.746647,-73.993915,In Service,18,W 27 St & 7 Ave,,,
443,Bedford Ave & S 9 St,14,23,40.70853074,-73.96408963,In Service,9,Bedford Ave & S 9th St,,,
444,Broadway & W 24 St,8,52,40.7423543,-73.98915076,In Service,44,Broadway & W 24 St,,,
445,E 10 St & Avenue A,33,42,40.72740794,-73.98142006,In Service,9,E 10 St & Avenue A,,,
446,W 24 St & 7 Ave,39,39,40.74487634,-73.99529885,In Service,0,W 24 St & 7 Ave,,,
447,8 Ave & W 52 St,19,31,40.76370739,-73.9851615,In Service,12,8 Ave & W 52 St,,,
448,W 37 St & 10 Ave,18,31,40.75660359,-73.9979009,In Service,13,W 37 St & 10 Ave,,,
449,W 52 St & 9 Ave,27,31,40.76461837,-73.98789473,In Service,4,W 52 St & 9 Ave,,,
450,W 49 St & 8 Ave,51,59,40.76227205,-73.98788205,In Service,8,W 49 St & 8 Ave,,,
453,W 22 St & 8 Ave,31,39,40.74475148,-73.99915362,In Service,8,W 22 St & 8 Ave,,,
454,E 51 St & 1 Ave,28,35,40.75455731,-73.96592976,In Service,7,E 51 St & 1 Ave,,,
455,1 Ave & E 44 St,37,39,40.75001986,-73.96905301,In Service,2,1 Ave & E 44 St,,,
456,E 53 St & Madison Ave,27,35,40.7597108,-73.97402311,In Service,8,E 53 St & Madison Ave,,,
457,Broadway & W 57 St,23,59,40.76695317,-73.98169333,In Service,36,Broadway & W 57 St,,,
458,11 Ave & W 27 St,10,31,40.751396,-74.005226,In Service,21,11 Ave & W 27 St,,,
459,W 18 St & 11 Ave,3,21,40.74522724,-74.00797904,In Service,18,W 18 St & 11 Ave,,,
460,S 4 St & Wythe Ave,14,23,40.71285887,-73.96590294,In Service,9,S 4 St & Wythe Ave,,,
461,E 20 St & 2 Ave,3,3,40.73587678,-73.98205027,Not In Service,0,E 20 St & 2 Ave,,,
462,W 22 St & 10 Ave,0,47,40.74691959,-74.00451887,In Service,47,W 22 St & 10 Ave,,,
463,9 Ave & W 16 St,17,25,40.74206539,-74.00443172,In Service,8,9 Ave & W 16 St,,,
464,E 56 St & 3 Ave,30,59,40.75934501,-73.96759673,In Service,29,E 56 St & 3 Ave,,,
465,Broadway & W 41 St,25,39,40.75513557,-73.98658032,In Service,14,Broadway & W 41 St,,,
466,W 25 St & 6 Ave,22,35,40.74395411,-73.99144871,In Service,13,W 25 St & 6 Ave,,,
467,Dean St & 4 Ave,14,34,40.68312489,-73.97895137,In Service,20,Dean St & 4 Ave,,,
468,Broadway & W 55 St,51,59,40.7652654,-73.98192338,In Service,8,Broadway & W 55 St,,,
469,Broadway & W 53 St,48,57,40.76344058,-73.98268129,In Service,9,Broadway & W 53 St,,,
470,W 20 St & 8 Ave,20,37,40.74345335,-74.00004031,In Service,17,W 20 St & 8 Ave,,,
471,Grand St & Havemeyer St,1,27,40.71286844,-73.95698119,In Service,26,Grand St & Havemeyer St,,,
472,E 32 St & Park Ave,39,41,40.7457121,-73.98194829,In Service,2,E 32 St & Park Ave,,,
473,Rivington St & Chrystie St,28,42,40.72110063,-73.9919254,In Service,14,Rivington St & Chrystie St,,,
474,5 Ave & E 29 St,47,47,40.7451677,-73.98683077,In Service,0,5 Ave & E 29 St,,,
475,E 16 St & Irving Pl,3,37,40.73524276,-73.98758561,In Service,34,E 16 St & Irving Pl,,,
476,E 31 St & 3 Ave,41,47,40.74394314,-73.97966069,In Service,5,E 31 St & 3 Ave,,,
477,W 41 St & 8 Ave,53,59,40.75640548,-73.9900262,In Service,6,W 41 St & 8 Ave,,,
478,11 Ave & W 41 St,20,24,40.76030096,-73.99884222,In Service,4,11 Ave & W 41 St,,,
479,9 Ave & W 45 St,29,31,40.76019252,-73.9912551,In Service,2,9 Ave & W 45 St,,,
480,W 53 St & 10 Ave,22,27,40.76669671,-73.99061728,In Service,5,W 53 St & 10 Ave,,,
481,S 3 St & Bedford Ave,15,25,40.71260486,-73.96264403,In Service,10,S 3 St & Bedford Ave,,,
482,W 15 St & 7 Ave,22,39,40.73935542,-73.99931783,In Service,17,W 15 St & 7 Ave,,,
483,E 12 St & 3 Ave,10,35,40.73223272,-73.98889957,In Service,25,E 12 St & 3 Ave,,,
484,W 44 St & 5 Ave,44,44,40.75500254,-73.98014437,In Service,0,W 44 St & 5 Ave,,,
485,W 37 St & 5 Ave,29,39,40.75038009,-73.98338988,In Service,10,W 37 St & 5 Ave,,,
486,Broadway & W 29 St,37,39,40.7462009,-73.98855723,In Service,2,Broadway & W 29 St,,,
487,E 20 St & FDR Drive,33,36,40.73314259,-73.97573881,In Service,3,E 20 St & FDR Drive,,,
488,W 39 St & 9 Ave,40,41,40.75645824,-73.99372222,In Service,1,W 39 St & 9 Ave,,,
489,10 Ave & W 28 St,13,37,40.75066386,-74.00176802,In Service,24,10 Ave & W 28 St,,,
490,8 Ave & W 33 St,9,59,40.751551,-73.993934,In Service,50,8 Ave & W 33 St,,,
491,E 24 St & Park Ave S,13,53,40.74096374,-73.98602213,In Service,40,E 24 St & Park Ave S,,,
492,W 33 St & 7 Ave,19,49,40.75019995,-73.99093085,In Service,30,W 33 St & 7 Ave,,,
493,W 45 St & 6 Ave,12,34,40.7568001,-73.98291153,In Service,22,W 45 St & 6 Ave,,,
494,W 26 St & 8 Ave,1,35,40.74734825,-73.99723551,In Service,34,W 26 St & 8 Ave,,,
495,W 47 St & 10 Ave,24,25,40.76269882,-73.99301222,In Service,1,W 47 St & 10 Ave,,,
496,E 16 St & 5 Ave,3,3,40.73726186,-73.99238967,Not In Service,0,E 16 St & 5 Ave,,,
497,E 17 St & Broadway,10,59,40.73704984,-73.99009296,In Service,49,E 17 St & Broadway,,,
498,Broadway & W 32 St,19,30,40.74854862,-73.98808416,In Service,11,Broadway & W 32 St,,,
499,Broadway & W 60 St,10,36,40.76915505,-73.98191841,In Service,26,Broadway & W 60 St,,,PBSC
500,Broadway & W 51 St,49,52,40.76228826,-73.98336183,In Service,3,Broadway & W 51 St,,,
501,FDR Drive & E 35 St,42,43,40.744219,-73.97121214,In Service,1,FDR Drive & E 35 St,,,
502,Henry St & Grand St,30,30,40.714215,-73.981346,In Service,0,Henry St & Grand St,,,
503,E 20 St & Park Ave,3,3,40.73827428,-73.98751968,Not In Service,0,E 20 St & Park Ave,,,
504,1 Ave & E 15 St,44,45,40.73221853,-73.98165557,In Service,1,1 Ave & E 15 St,,,
505,6 Ave & W 33 St,3,34,40.74901271,-73.98848395,In Service,31,6 Ave & W 33 St,,,
507,E 25 St & 2 Ave,26,47,40.73912601,-73.97973776,In Service,21,E 25 St & 2 Ave,,,
508,W 46 St & 11 Ave,16,24,40.76341379,-73.99667444,In Service,8,W 46 St & 11 Ave,,,
509,9 Ave & W 22 St,25,36,40.7454973,-74.00197139,In Service,11,9 Ave & W 22 St,,,
510,W 51 St & 6 Ave,24,51,40.7606597,-73.98042047,In Service,27,W 51 St & 6 Ave,,,
511,E 14 St & Avenue B,31,33,40.72938685,-73.97772429,In Service,2,E 14 St & Avenue B,,,
512,W 29 St & 9 Ave,25,27,40.7500727,-73.99839279,In Service,2,W 29 St & 9 Ave,,,
513,W 56 St & 10 Ave,24,27,40.768254,-73.988639,In Service,3,W 56 St & 10 Ave,,,
514,12 Ave & W 40 St,13,33,40.76087502,-74.00277668,In Service,20,12 Ave & W 40 St,,,
515,W 43 St & 10 Ave,33,35,40.76009437,-73.99461843,In Service,2,W 43 St & 10 Ave,,,
516,E 47 St & 1 Ave,35,39,40.75206862,-73.96784384,In Service,4,E 47 St & 1 Ave,,,
517,Pershing Square S,39,59,40.75149263,-73.97798848,In Service,20,Pershing Square S,,,
518,E 39 St & 2 Ave,34,39,40.74780373,-73.9734419,In Service,5,E 39 St & 2 Ave,,,
519,Pershing Square N,18,61,40.75188406,-73.97770164,In Service,43,Pershing Square N,,,
520,W 52 St & 5 Ave,18,39,40.75992262,-73.97648516,In Service,21,W 52 St & 5 Ave,,,
521,8 Ave & W 31 St,20,67,40.75044999,-73.99481051,In Service,47,8 Ave & W 31 St,,,
522,E 51 St & Lexington Ave,44,51,40.75714758,-73.97207836,In Service,7,E 51 St & Lexington Ave,,,
523,W 38 St & 8 Ave,22,51,40.75466591,-73.99138152,In Service,29,W 38 St & 8 Ave,,,
524,W 43 St & 6 Ave,25,57,40.75527307,-73.98316936,In Service,32,W 43 St & 6 Ave,,,
525,W 34 St & 11 Ave,7,39,40.75594159,-74.0021163,In Service,32,W 34 St & 11 Ave,,,
526,E 33 St & 5 Ave,13,43,40.74765947,-73.98490707,In Service,30,E 33 St & 5 Ave,,,
527,E 33 St & 1 Ave,48,59,40.74315566,-73.97434726,In Service,11,E 33 St & 1 Ave,,,
528,2 Ave & E 30 St,31,38,40.74290902,-73.97706058,In Service,7,2 Ave & E 30 St,,,
529,W 42 St & 8 Ave,17,41,40.7575699,-73.99098507,In Service,24,W 42 St & 8 Ave,,,
531,Forsyth St & Broome St,2,39,40.71893904,-73.99266288,In Service,37,Forsyth St & Broome St,,,
532,S 5 Pl & S 4 St,26,43,40.710451,-73.960876,In Service,17,S 5 Pl & S 4 St,,,
533,Broadway & W 39 St,50,50,40.75299641,-73.98721619,In Service,0,Broadway & W 39 St,,,
534,Water - Whitehall Plaza,30,31,40.70255065,-74.0127234,In Service,1,Water - Whitehall Plaza,,,
536,1 Ave & E 30 St,17,29,40.74144387,-73.97536082,In Service,12,1 Ave & E 30 St,,,
537,Lexington Ave & E 24 St,29,39,40.74025878,-73.98409214,In Service,10,Lexington Ave & E 24 St,,,
538,W 49 St & 5 Ave,3,39,40.75795248,-73.97787642,In Service,36,W 49 St & 5 Ave,,,
539,Metropolitan Ave & Bedford Ave,5,31,40.71534825,-73.96024116,In Service,26,Metropolitan Ave & Bedford Ave,,,
540,Lexington Ave & E 26 St,24,39,40.74147286,-73.98320928,In Service,15,Lexington Ave & E 26 St,,,
545,E 23 St & 1 Ave,25,27,40.736502,-73.97809472,In Service,2,E 23 St & 1 Ave,,,
546,E 30 St & Park Ave S,27,38,40.74444921,-73.98303529,In Service,11,E 30 St & Park Ave S,,,
2000,Front St & Washington St,28,30,40.70255088,-73.98940236,In Service,2,Front St & Washington St,,,
2001,7 Ave & Farragut St,3,15,40.69892054,-73.97332996,In Service,12,7 Ave & Farragut St,,,
2002,Wythe Ave & Metropolitan Ave,0,27,40.716887,-73.963198,In Service,27,Wythe Ave & Metropolitan Ave,,,
2003,1 Ave & E 18 St,30,30,40.73416059,-73.98024289,In Service,0,1 Ave & E 18 St,,,
2004,6 Ave & Broome St,35,36,40.724399,-74.004704,In Service,1,6 Ave & Broome St,,,
2005,Railroad Ave & Kay Ave,10,12,40.70531194,-73.97100056,In Service,2,Railroad Ave & Kay Ave,,,
2006,Central Park S & 6 Ave,38,49,40.76590936,-73.97634151,In Service,11,Central Park S & 6 Ave,,,
2008,Little West St & 1 Pl,12,24,40.70569254,-74.01677685,In Service,12,Little West St & 1 Pl,,,
2009,Catherine St & Monroe St,9,35,40.71117444,-73.99682619,In Service,26,Catherine St & Monroe St,,,
2010,Grand St & Greene St,16,39,40.72165481,-74.00234737,In Service,23,Grand St & Greene St,,,
2012,E 27 St & 1 Ave,31,36,40.739445,-73.976806,In Service,5,E 27 St & 1 Ave,,,
2017,E 43 St & 2 Ave,37,39,40.75022392,-73.97121414,In Service,2,E 43 St & 2 Ave,,,
2021,W 45 St & 8 Ave,26,43,40.75929124,-73.98859651,In Service,17,W 45 St & 8 Ave,,,
2022,E 59 St & Sutton Pl,21,33,40.75849116,-73.95920622,In Service,12,E 59 St & Sutton Pl,,,
2023,E 55 St & Lexington Ave,33,36,40.75968085,-73.97031366,In Service,3,E 55 St & Lexington Ave,,,
3002,South End Ave & Liberty St,11,25,40.711512,-74.015756,In Service,14,South End Ave & Liberty St,,,
